USE hotel;

INSERT INTO Amenities (AmenityType, ExtraCost) VALUES
	('Microwave', 0.00),
    ('Refrigerator', 0.00),
    ('Oven', 0.00),
    ('Jacuzzi', 25.00);
    
INSERT INTO Room (RoomNumber, RoomType, StandardOccupancy, MaximumOccupancy, BasePrice, PricePerExtraPerson, ADAaccessible) VALUES
	(201, 'Double', 2, 4, 199.99, 10.00, 0),
    (202, 'Double', 2, 4, 174.99, 10.00, 1),
    (203, 'Double', 2, 4, 199.99, 10.00, 0),
    (204, 'Double', 2, 4, 174.99, 10.00, 1),
    (205, 'Single', 2, 2, 174.99, NULL, 0),
    (206, 'Single', 2, 2, 149.99, NULL, 1),
    (207, 'Single', 2, 2, 174.99, NULL, 0),
    (208, 'Single', 2, 2, 149.99, NULL, 1),
    (301, 'Double', 2, 4, 199.99, 10.00, 0),
    (302, 'Double', 2, 4, 174.99, 10.00, 1),
    (303, 'Double', 2, 4, 199.99, 10.00, 0),
    (304, 'Double', 2, 4, 174.99, 10.00, 1),
    (305, 'Single', 2, 2, 174.99, NULL, 0),
    (306, 'Single', 2, 2, 149.99, NULL, 1),
    (307, 'Single', 2, 2, 174.99, NULL, 0),
    (308, 'Single', 2, 2, 149.99, NULL, 1),
    (401, 'Suite', 3, 8, 399.99, 20.00, 1),
    (402, 'Suite', 3, 8, 399.99, 20.00, 1);
    
INSERT INTO RoomAmenities (RoomNumber, AmenityId) VALUES
	(201, 1),
    (201, 4),
    (202, 2),
    (203, 1),
    (203, 4),
    (204, 2),
    (205, 1),
    (205, 2),
    (205, 4),
    (206, 1),
    (206, 2),
    (207, 1),
    (207, 2),
    (207, 4),
    (208, 1),
    (208, 2),
    (301, 1),
    (301, 4),
    (302, 2),
    (303, 1),
    (303, 4),
    (304, 2),
    (305, 1),
    (305, 2),
    (305, 4),
    (306, 1),
    (306, 2),
    (307, 1),
    (307, 2),
    (307, 4),
    (308, 1),
    (308, 2),
    (401, 1),
    (401, 2),
    (401, 3),
    (402, 1),
    (402, 2),
    (402, 3);

INSERT INTO Guest (FirstName, LastName, Street, City, State, ZipCode, PhoneNumber) VALUES
	('Tanner', 'Kendall', '123 4th St', 'New York', 'NY', '10029', '3308675309'),
    ('Mack', 'Simmer', '379 Old Shore Street', 'Council Bluffs', 'IA', '51501', '2915530508'),
    ('Bettyann', 'Seery', '750 Wintergreen Dr.', 'Wasilla', 'AK', '99654', '4782779632'),
    ('Duane', 'Cullison', '9662 Foxrun Lane', 'Harlingen', 'TX', '78552', '3084940198'),
    ('Karie', 'Yang', '9378 W. Augusta Ave.', 'West Deptford', 'NJ', '08096', '2147300298'),
    ('Aurore', 'Lipton', '762 Wild Rose Street', 'Saginaw', 'MI', '48601', '3775070974'),
    ('Zachery', 'Luechtefeld', '7 Poplar Dr.', 'Arvada', 'CO', '80003', '8144852615'),
    ('Jeremiah', 'Pendergrass',	'70 Oakwood St.', 'Zion', 'IL', '60099', '2794910960'),
    ('Walter', 'Holaway', '7556 Arrowhead St.',	'Cumberland', 'RI',	'02864', '4463966785'),
    ('Wilfred', 'Vise',	'77 West Surrey Street', 'Oswego', 'NY', '13126', '8347271001'),
    ('Maritza', 'Tilton', '939 Linda Rd.', 'Burke', 'VA', '22015', '4463516860'),
    ('Joleen', 'Tison', '87 Queen St.',	'Drexel Hill', 'PA', '19026', '2318932755');
    
INSERT INTO Reservation (StartDate, EndDate, Adults, Kids, TotalPrice) VALUES
	('2023-02-02', '2023-02-04', 1, 0, 299.98),
    ('2023-02-05', '2023-02-10', 2, 1, 999.95),
    ('2023-02-22', '2023-02-24', 2, 0, 349.98),
    ('2023-03-06', '2023-03-07', 2, 2, 199.99),
    ('2023-03-17', '2023-03-20', 1, 1, 524.97),
    ('2023-03-18', '2023-03-23', 3, 0, 924.95),
    ('2023-03-29', '2023-03-31', 2, 2, 349.98),
    ('2023-03-31', '2023-04-05', 2, 0, 874.95),
    ('2023-04-09', '2023-04-13', 1, 0, 799.96),
    ('2023-04-23', '2023-04-24', 1, 1, 174.99),
    ('2023-05-30', '2023-06-02', 2, 4, 1199.97),
    ('2023-06-10', '2023-06-14', 2, 0, 599.96),
    ('2023-06-10', '2023-06-14', 1, 0, 599.96),
    ('2023-06-17', '2023-06-18', 3, 0, 184.99),
    ('2023-06-28', '2023-07-02', 2, 0, 699.96),
    ('2023-07-13', '2023-07-14', 3, 1, 184.99),
    ('2023-07-18', '2023-07-21', 4, 2, 1259.97),
    ('2023-07-28', '2023-07-29', 2, 1, 199.99),
    ('2023-08-30', '2023-09-01', 1, 0, 349.98),
    ('2023-09-16', '2023-09-17', 2, 0, 149.99),
    ('2023-09-13', '2023-09-15', 2, 2, 399.98),
    ('2023-11-22', '2023-11-25', 2, 2, 1199.97),
    ('2023-11-22', '2023-11-25', 2, 0, 449.97),
    ('2023-11-22', '2023-11-25', 2, 2, 599.97),
    ('2023-12-24', '2023-12-28', 2, 0, 699.96);
    
INSERT INTO ReservationGuest (ReservationId, GuestId) VALUES
	(1,2),
    (2,3),
    (3,4),
    (4,5),
    (5,1),
    (6,6),
    (7,7),
    (8,8),
    (9,9),
    (10,10),
    (11,11),
    (12,12),
    (13,12),
    (14,6),
    (15,1),
    (16,9),
    (17,10),
    (18,3),
    (19,3),
    (20,2),
    (21,5),
    (22,4),
    (23,2),
    (24,2),
    (25,11);
    
INSERT INTO RoomReservation (RoomNumber, ReservationId) VALUES
	(308,1),
    (203,2),
    (305,3),
    (201,4),
    (307,5),
    (302,6),
    (202,7),
    (304,8),
    (301,9),
    (207,10),
    (401,11),
    (206,12),
    (208,13),
    (304,14),
    (205,15),
    (204,16),
    (401,17),
    (303,18),
    (305,19),
    (208,20),
    (203,21),
    (401,22),
    (206,23),
    (301,24),
    (302,25);
    
    -- Delete Jeremiah Pendergrass and associated reservations
    
    DELETE FROM ReservationGuest WHERE GuestId = 8;
    DELETE FROM Guest WHERE GuestId = 8;
    DELETE FROM RoomReservation WHERE ReservationId = 8;
    DELETE FROM Reservation WHERE ReservationId = 8;